index1,index,Ingilizce Biliyor musunuz?,Ingilizce Seviyeniz?
1,1,Null,Null
2,2,Null,Null
3,3,Null,Null
4,4,Null,Null
5,5,Null,Null
6,6,Null,Null
7,7,Null,Null
8,8,Null,Null
9,9,Null,Null
10,10,Null,Null
11,11,Null,Null
12,12,Null,Null
13,13,Null,Null
14,14,Null,Null
15,15,Null,Null
16,16,Null,Null
17,17,Null,Null
18,18,Null,Null
19,19,Null,Null
20,20,Null,Null
21,21,Null,Null
22,22,Null,Null
23,23,Null,Null
24,24,Null,Null
25,25,Null,Null
26,26,Null,Null
27,27,Null,Null
28,28,Null,Null
29,29,Null,Null
30,30,Null,Null
31,31,Null,Null
32,32,Null,Null
33,33,Null,Null
34,34,Null,Null
35,35,Null,Null
36,36,Null,Null
37,37,Null,Null
38,38,Null,Null
39,39,Null,Null
40,40,Null,Null
41,41,Null,Null
42,42,Null,Null
43,43,Null,Null
44,44,Null,Null
45,45,Null,Null
46,46,Null,Null
47,47,Null,Null
48,48,Null,Null
49,49,Null,Null
50,50,Null,Null
51,51,Null,Null
52,52,Null,Null
53,53,Null,Null
54,54,Null,Null
55,55,Null,Null
56,56,Null,Null
57,57,Null,Null
58,58,Null,Null
59,59,Null,Null
60,60,Null,Null
61,61,Null,Null
62,62,Null,Null
63,63,Null,Null
64,64,Null,Null
65,65,Null,Null
66,66,Null,Null
67,67,Null,Null
68,68,Null,Null
69,69,Null,Null
70,70,Null,Null
71,71,Null,Null
72,72,Null,Null
73,73,Null,Null
74,74,Null,Null
75,75,Null,Null
76,76,Null,Null
77,77,Null,Null
78,78,Null,Null
79,79,Null,Null
80,80,Null,Null
81,81,Null,Null
82,82,Null,Null
83,83,Null,Null
84,84,Null,Null
85,85,Null,Null
86,86,Null,Null
87,87,Null,Null
88,88,Null,Null
89,89,Null,Null
90,90,Null,Null
91,91,Null,Null
92,92,Null,Null
93,93,Null,Null
94,94,Null,Null
95,95,Null,Null
96,96,Null,Null
97,97,Null,Null
98,98,Null,Null
99,99,Null,Null
100,100,Null,Null
101,101,Null,Null
102,102,Null,Null
103,103,Null,Null
104,104,Null,Null
105,105,Null,Null
106,106,Null,Null
107,107,Null,Null
108,108,Null,Null
109,109,Null,Null
110,110,Null,Null
111,111,Null,Null
112,112,Null,Null
113,113,Null,Null
114,114,Null,Null
115,115,Null,Null
116,116,Null,Null
117,117,Null,Null
118,118,Null,Null
119,119,Null,Null
120,120,Null,Null
121,121,Null,Null
122,122,Null,Null
123,123,Null,Null
124,124,Null,Null
125,125,Null,Null
126,126,Null,Null
127,127,Null,Null
128,128,Null,Null
129,129,Null,Null
130,130,Null,Null
131,131,Null,Null
132,132,Null,Null
133,133,Null,Null
134,134,Null,Null
135,135,Null,Null
136,136,Null,Null
137,137,Null,Null
138,138,Null,Null
139,139,Null,Null
140,140,Null,Null
141,141,Null,Null
142,142,Null,Null
143,143,Null,Null
144,144,Null,Null
145,145,Null,Null
146,146,Null,Null
147,147,Null,Null
148,148,Null,Null
149,149,Null,Null
150,150,Null,Null
151,151,Null,Null
152,152,Null,Null
153,153,Null,Null
154,154,Null,Null
155,155,Null,Null
156,156,Null,Null
157,157,Null,Null
158,158,Null,Null
159,159,Null,Null
160,160,Null,Null
161,161,Null,Null
162,162,Null,Null
163,163,Null,Null
164,164,Null,Null
165,165,Null,Null
166,166,Null,Null
167,167,Null,Null
168,168,Null,Null
169,169,Null,Null
170,170,Null,Null
171,171,Null,Null
172,172,Null,Null
173,173,Null,Null
174,174,Null,Null
175,175,Null,Null
176,176,Null,Null
177,177,Null,Null
178,178,Null,Null
179,179,Null,Null
180,180,Null,Null
181,181,Null,Null
182,182,Null,Null
183,183,Null,Null
184,184,Null,Null
185,185,Null,Null
186,186,Null,Null
187,187,Null,Null
188,188,Null,Null
189,189,Null,Null
190,190,Null,Null
191,191,Null,Null
192,192,Null,Null
193,193,Null,Null
194,194,Null,Null
195,195,Null,Null
196,196,Null,Null
197,197,Null,Null
198,198,Null,Null
199,199,Null,Null
200,200,Null,Null
201,201,Null,Null
202,202,Null,Null
203,203,Null,Null
204,204,Null,Null
205,205,Null,Null
206,206,Null,Null
207,207,Null,Null
208,208,Null,Null
209,209,Null,Null
210,210,Null,Null
211,211,Null,Null
212,212,Null,Null
213,213,Null,Null
214,214,Null,Null
215,215,Null,Null
216,216,Null,Null
217,217,Null,Null
218,218,Null,Null
219,219,Null,Null
220,220,Null,Null
221,221,Null,Null
222,222,Null,Null
223,223,Null,Null
224,224,Null,Null
225,225,Null,Null
226,226,Null,Null
227,227,Null,Null
228,228,Null,Null
229,229,Null,Null
230,230,Null,Null
231,231,Null,Null
232,232,Null,Null
233,233,Null,Null
234,234,Null,Null
235,235,Null,Null
236,236,Null,Null
237,237,Null,Null
238,238,Null,Null
239,239,Null,Null
240,240,Null,Null
241,241,Null,Null
242,242,Null,Null
243,243,Null,Null
244,244,Null,Null
245,245,Null,Null
246,246,Null,Null
247,247,Null,Null
248,248,Null,Null
249,249,Null,Null
250,250,Null,Null
251,251,Null,Null
252,252,Null,Null
253,253,Null,Null
254,254,Null,Null
255,255,Null,Null
256,256,Null,Null
257,257,Null,Null
258,258,Null,Null
259,259,Null,Null
260,260,Null,Null
261,261,Null,Null
262,262,Null,Null
263,263,Null,Null
264,264,Null,Null
265,265,Null,Null
266,266,Null,Null
267,267,Null,Null
268,268,Null,Null
269,269,Null,Null
270,270,Null,Null
271,271,Null,Null
272,272,Null,Null
273,273,Null,Null
274,274,Null,Null
275,275,Null,Null
276,276,Null,Null
277,277,Null,Null
278,278,Null,Null
279,279,Null,Null
280,280,Null,Null
281,281,Null,Null
282,282,Null,Null
283,283,Null,Null
284,284,Null,Null
285,285,Null,Null
286,286,Null,Null
287,287,Null,Null
288,288,Null,Null
289,289,Null,Null
290,290,Null,Null
291,291,Null,Null
292,292,Null,Null
293,293,Null,Null
294,294,Null,Null
295,295,Null,Null
296,296,Null,Null
297,297,Null,Null
298,298,Null,Null
299,299,Null,Null
300,300,Null,Null
301,301,Null,Null
302,302,Null,Null
303,303,Null,Null
304,304,Null,Null
305,305,Null,Null
306,306,Null,Null
307,307,Null,Null
308,308,Null,Null
309,309,Null,Null
310,310,Null,Null
311,311,Null,Null
312,312,Null,Null
313,313,Null,Null
314,314,Null,Null
315,315,Null,Null
316,316,Null,Null
317,317,Null,Null
318,318,Null,Null
319,319,Null,Null
320,320,Null,Null
321,321,Null,Null
322,322,Null,Null
323,323,Null,Null
324,324,Null,Null
325,325,Null,Null
326,326,Null,Null
327,327,Null,Null
328,328,Null,Null
329,329,Null,Null
330,330,Null,Null
331,331,Null,Null
332,332,Null,Null
333,333,Null,Null
334,334,Null,Null
335,335,Null,Null
336,336,Null,Null
337,337,Null,Null
338,338,Null,Null
339,339,Null,Null
340,340,Null,Null
341,341,Null,Null
342,342,Null,Null
343,343,Null,Null
344,344,Null,Null
345,345,Null,Null
346,346,Null,Null
347,347,Null,Null
348,348,Null,Null
349,349,Null,Null
350,350,Null,Null
351,351,Null,Null
352,352,Null,Null
353,353,Null,Null
354,354,Null,Null
355,355,Null,Null
356,356,Null,Null
357,357,Null,Null
358,358,Null,Null
359,359,Null,Null
360,360,Null,Null
361,361,Null,Null
362,362,Null,Null
363,363,Null,Null
364,364,Null,Null
365,365,Null,Null
366,366,Null,Null
367,367,Null,Null
368,368,Null,Null
369,369,Null,Null
370,370,Null,Null
371,371,Null,Null
372,372,Null,Null
373,373,Null,Null
374,374,Null,Null
375,375,Null,Null
376,376,Null,Null
377,377,Null,Null
378,378,Null,Null
379,379,Null,Null
380,380,Null,Null
381,381,Null,Null
382,382,Null,Null
383,383,Null,Null
384,384,Null,Null
385,385,Null,Null
386,386,Null,Null
387,387,Null,Null
388,388,Null,Null
389,389,Null,Null
390,390,Null,Null
391,391,Null,Null
392,392,Null,Null
393,393,Null,Null
394,394,Null,Null
395,395,Null,Null
396,396,Null,Null
397,397,Null,Null
398,398,Null,Null
399,399,Null,Null
400,400,Null,Null
401,401,Null,Null
402,402,Null,Null
403,403,Null,Null
404,404,Null,Null
405,405,Null,Null
406,406,Null,Null
407,407,Null,Null
408,408,Null,Null
409,409,Null,Null
410,410,Null,Null
411,411,Null,Null
412,412,Null,Null
413,413,Null,Null
414,414,Null,Null
415,415,Null,Null
416,416,Null,Null
417,417,Null,Null
418,418,Null,Null
419,419,Null,Null
420,420,Null,Null
421,421,Null,Null
422,422,Null,Null
423,423,Null,Null
424,424,Null,Null
425,425,Null,Null
426,426,Null,Null
427,427,Null,Null
428,428,Null,Null
429,429,Null,Null
430,430,Null,Null
431,431,Null,Null
432,432,Null,Null
433,433,Null,Null
434,434,Null,Null
435,435,Null,Null
436,436,Null,Null
437,437,Null,Null
438,438,Null,Null
439,439,Null,Null
440,440,Null,Null
441,441,Null,Null
442,442,Null,Null
443,443,Null,Null
444,444,Null,Null
445,445,Null,Null
446,446,Null,Null
447,447,Null,Null
448,448,Null,Null
449,449,Null,Null
450,450,Null,Null
451,451,Null,Null
452,452,Null,Null
453,453,Null,Null
454,454,Null,Null
455,455,Null,Null
456,456,Null,Null
457,457,Null,Null
458,458,Null,Null
459,459,Null,Null
460,460,Null,Null
461,461,Null,Null
462,462,Null,Null
463,463,Null,Null
464,464,Null,Null
465,465,Null,Null
466,466,Null,Null
467,467,Null,Null
468,468,Null,Null
469,469,Null,Null
470,470,Null,Null
471,471,Null,Null
472,472,Null,Null
473,473,Null,Null
474,474,Null,Null
475,475,Null,Null
476,476,Null,Null
477,477,Null,Null
478,478,Null,Null
479,479,Null,Null
480,480,Null,Null
481,481,Null,Null
482,482,Null,Null
483,483,Null,Null
484,484,Null,Null
485,485,Null,Null
486,486,Null,Null
487,487,Null,Null
488,488,Null,Null
489,489,Null,Null
490,490,Null,Null
491,491,Null,Null
492,492,Null,Null
493,493,Null,Null
494,494,Null,Null
495,495,Null,Null
496,496,Null,Null
497,497,Null,Null
498,498,Null,Null
499,499,Null,Null
500,500,Null,Null
501,501,Null,Null
502,502,Null,Null
503,503,Null,Null
504,504,Null,Null
505,505,Null,Null
506,506,Null,Null
507,507,Null,Null
508,508,Null,Null
509,509,Null,Null
510,510,Null,Null
511,511,Null,Null
512,512,Null,Null
513,513,Null,Null
514,514,Null,Null
515,515,Null,Null
516,516,Null,Null
517,517,Null,Null
518,518,Null,Null
519,519,Null,Null
520,520,Null,Null
521,521,Null,Null
522,522,Null,Null
523,523,Null,Null
524,524,Null,Null
525,525,Null,Null
526,526,Null,Null
527,527,Null,Null
528,528,Null,Null
529,529,Null,Null
530,530,Null,Null
531,531,Null,Null
532,532,Null,Null
533,533,Null,Null
534,534,Null,Null
535,535,Null,Null
536,536,Null,Null
537,537,Null,Null
538,538,Null,Null
539,539,Null,Null
540,540,Null,Null
541,541,Null,Null
542,542,Null,Null
543,543,Null,Null
544,544,Null,Null
545,545,Null,Null
546,546,Null,Null
547,547,Null,Null
548,548,Null,Null
549,549,Null,Null
550,550,Null,Null
551,551,Null,Null
552,552,Null,Null
553,553,Null,Null
554,554,Null,Null
555,555,Null,Null
556,556,Null,Null
557,557,Null,Null
558,558,Null,Null
559,559,Null,Null
560,560,Null,Null
561,561,Null,Null
562,562,Null,Null
563,563,Null,Null
564,564,Null,Null
565,565,Null,Null
566,566,Null,Null
567,567,Null,Null
568,568,Null,Null
569,569,Null,Null
570,570,Null,Null
571,571,Null,Null
572,572,Null,Null
573,573,Null,Null
574,574,Null,Null
575,575,Null,Null
576,576,Null,Null
577,577,Null,Null
578,578,Null,Null
579,579,Null,Null
580,580,Null,Null
581,581,Null,Null
582,582,Null,Null
583,583,Null,Null
584,584,Null,Null
585,585,Null,Null
586,586,Null,Null
587,587,Null,Null
588,588,Null,Null
589,589,Null,Null
590,590,Null,Null
591,591,Null,Null
592,592,Null,Null
593,593,Null,Null
594,594,Null,Null
595,595,Null,Null
596,596,Null,Null
597,597,Null,Null
598,598,Null,Null
599,599,Null,Null
600,600,Null,Null
601,601,Null,Null
602,602,Null,Null
603,603,Null,Null
604,604,1,ileri
605,605,1,ileri
606,606,1,ileri
607,607,1,ileri
608,608,1,orta
609,609,1,ileri
610,610,1,ileri
611,611,1,ileri
612,612,1,ileri
613,613,1,ileri
614,614,1,ileri
615,615,1,ileri
616,616,1,orta
617,617,1,ileri
618,618,1,orta
619,619,1,ileri
620,620,1,ileri
621,621,0,Null
622,622,1,ileri
623,623,1,orta
624,624,1,orta
625,625,1,ileri
626,626,1,ileri
627,627,1,orta
628,628,1,ileri
629,629,1,ileri
630,630,1,ileri
631,631,1,ileri
632,632,1,ileri
633,633,1,orta
634,634,1,ileri
635,635,1,ileri
636,636,1,Null
637,637,1,ileri
638,638,1,ileri
639,639,1,ileri
640,640,1,ileri
641,641,1,ileri
642,642,1,ileri
643,643,1,ileri
644,644,1,ileri
645,645,1,orta
646,646,1,ileri
647,647,1,ileri
648,648,1,ileri
649,649,1,orta
650,650,0,Null
651,651,1,ileri
652,652,1,ileri
653,653,1,ileri
654,654,1,ileri
655,655,1,ileri
656,656,1,ileri
657,657,0,Null
658,658,1,ileri
659,659,1,ileri
660,660,1,ileri
661,661,1,ileri
662,662,0,Null
663,663,1,orta
664,664,1,ileri
665,665,1,baslangic
666,666,1,ileri
667,667,1,ileri
668,668,1,ileri
669,669,1,orta
670,670,1,ileri
671,671,0,Null
672,672,1,ileri
673,673,1,Null
674,674,1,orta
675,675,1,orta
676,676,1,ileri
677,677,1,ileri
678,678,1,baslangic
679,679,1,ileri
680,680,1,ileri
681,681,1,orta
682,682,1,Null
683,683,0,Null
684,684,1,orta
685,685,1,ileri
686,686,1,orta
687,687,1,orta
688,688,1,orta
689,689,1,ileri
690,690,1,ileri
691,691,1,orta
692,692,1,orta
693,693,1,ileri
694,694,1,ileri
695,695,1,ileri
696,696,1,ileri
697,697,1,ileri
698,698,1,orta
699,699,1,ileri
700,700,1,ileri
701,701,1,ileri
702,702,1,ileri
703,703,1,ileri
704,704,1,orta
705,705,1,ileri
706,706,1,ileri
707,707,1,ileri
708,708,1,Null
709,709,0,Null
710,710,1,ileri
711,711,1,orta
712,712,1,ileri
713,713,1,ileri
714,714,1,ileri
715,715,0,Null
716,716,1,Null
717,717,1,orta
718,718,1,Null
719,719,1,orta
720,720,1,ileri
721,721,1,ileri
722,722,0,Null
723,723,1,ileri
724,724,1,ileri
725,725,1,ileri
726,726,1,ileri
727,727,1,ileri
728,728,1,ileri
729,729,1,ileri
730,730,0,Null
731,731,1,Null
732,732,1,orta
733,733,1,orta
734,734,0,Null
735,735,1,ileri
736,736,1,ileri
737,737,1,ileri
738,738,1,ileri
739,739,1,ileri
740,740,1,orta
741,741,1,ileri
742,742,1,ileri
743,743,1,ileri
744,744,1,ileri
745,745,1,ileri
746,746,1,ileri
747,747,1,ileri
748,748,1,ileri
749,749,1,ileri
750,750,1,orta
751,751,1,ileri
752,752,1,ileri
753,753,1,ileri
754,754,1,ileri
755,755,1,ileri
756,756,1,orta
757,757,1,ileri
758,758,1,orta
759,759,1,orta
760,760,1,ileri
761,761,1,orta
762,762,1,ileri
763,763,1,ileri
764,764,1,orta
765,765,1,ileri
766,766,1,ileri
767,767,1,ileri
768,768,1,ileri
769,769,1,ileri
770,770,1,ileri
771,771,1,ileri
772,772,1,ileri
773,773,1,ileri
774,774,1,ileri
775,775,1,ileri
776,776,1,ileri
777,777,1,orta
778,778,1,orta
779,779,1,ileri
780,780,1,ileri
781,781,1,orta
782,782,1,baslangic
783,783,1,ileri
784,784,1,orta
785,785,1,ileri
786,786,1,Null
787,787,1,ileri
788,788,1,orta
789,789,1,ileri
790,790,1,ileri
791,791,1,ileri
792,792,1,orta
793,793,1,ileri
794,794,1,ileri
795,795,1,ileri
796,796,1,ileri
797,797,1,Null
798,798,1,orta
799,799,1,ileri
800,800,1,ileri
801,801,1,ileri
802,802,1,orta
803,803,1,ileri
804,804,1,ileri
805,805,1,orta
806,806,1,orta
807,807,1,ileri
808,808,1,ileri
809,809,1,orta
810,810,1,orta
811,811,1,ileri
812,812,1,ileri
813,813,1,ileri
814,814,1,ileri
815,815,1,ileri
816,816,1,orta
817,817,1,ileri
818,818,1,orta
819,819,1,ileri
820,820,0,Null
821,821,1,ileri
822,822,1,ileri
823,823,1,ileri
824,824,1,ileri
825,825,1,Null
826,826,1,orta
827,827,1,ileri
828,828,1,ileri
829,829,1,ileri
830,830,1,ileri
831,831,1,ileri
832,832,1,ileri
833,833,1,ileri
834,834,1,orta
835,835,1,orta
836,836,1,ileri
837,837,1,orta
838,838,1,ileri
839,839,1,ileri
840,840,1,orta
841,841,1,ileri
842,842,1,ileri
843,843,1,ileri
844,844,1,ileri
845,845,1,orta
846,846,1,orta
847,847,1,ileri
848,848,1,orta
849,849,1,ileri
850,850,1,ileri
851,851,1,orta
852,852,1,ileri
853,853,1,ileri
854,854,1,ileri
855,855,1,ileri
856,856,0,Null
857,857,1,ileri
858,858,1,ileri
859,859,1,orta
860,860,1,baslangic
861,861,1,orta
862,862,1,ileri
863,863,1,ileri
864,864,1,ileri
865,865,1,Null
866,866,1,ileri
867,867,1,orta
868,868,1,orta
869,869,1,ileri
870,870,1,ileri
871,871,1,ileri
872,872,1,ileri
873,873,1,ileri
874,874,1,orta
875,875,1,orta
876,876,1,ileri
877,877,1,ileri
878,878,1,Null
879,879,1,ileri
880,880,1,ileri
881,881,1,ileri
882,882,1,ileri
883,883,1,orta
884,884,0,Null
885,885,1,ileri
886,886,1,ileri
887,887,1,ileri
888,888,1,ileri
889,889,1,ileri
890,890,0,Null
891,891,1,orta
892,892,1,ileri
893,893,1,ileri
894,894,1,orta
895,895,1,ileri
896,896,1,ileri
897,897,1,ileri
898,898,1,ileri
899,899,1,orta
900,900,1,ileri
901,901,1,ileri
902,902,1,baslangic
903,903,1,ileri
904,904,1,orta
905,905,1,orta
906,906,1,orta
907,907,1,orta
908,908,1,orta
909,909,1,orta
910,910,1,ileri
911,911,1,orta
912,912,1,orta
913,913,1,orta
914,914,0,Null
915,915,1,ileri
916,916,1,ileri
917,917,1,orta
918,918,1,orta
919,919,1,ileri
920,920,1,orta
921,921,1,ileri
922,922,1,orta
923,923,1,ileri
924,924,1,orta
925,925,1,ileri
926,926,1,orta
927,927,1,orta
928,928,1,Null
929,929,0,Null
930,930,1,ileri
931,931,1,ileri
932,932,1,orta
933,933,1,orta
934,934,1,ileri
935,935,1,ileri
936,936,1,orta
937,937,1,Null
938,938,1,ileri
939,939,1,ileri
940,940,1,ileri
941,941,1,orta
942,942,0,Null
943,943,0,Null
944,944,1,orta
945,945,1,orta
946,946,1,orta
947,947,1,ileri
948,948,1,orta
949,949,1,ileri
950,950,1,ileri
951,951,1,ileri
952,952,1,orta
953,953,1,ileri
954,954,1,ileri
955,955,1,Null
956,956,1,ileri
957,957,1,ileri
958,958,1,ileri
959,959,1,ileri
960,960,1,orta
961,961,1,orta
962,962,1,ileri
963,963,1,orta
964,964,1,orta
965,965,1,ileri
966,966,1,orta
967,967,1,orta
968,968,1,Null
969,969,1,orta
970,970,1,ileri
971,971,1,ileri
972,972,1,orta
973,973,1,orta
974,974,1,orta
975,975,1,orta
976,976,1,orta
977,977,1,ileri
978,978,1,orta
979,979,1,orta
980,980,1,orta
981,981,1,baslangic
982,982,1,ileri
983,983,1,ileri
984,984,1,ileri
985,985,1,Null
986,986,1,ileri
987,987,1,Null
988,988,1,ileri
989,989,1,ileri
990,990,1,ileri
991,991,1,ileri
992,992,1,ileri
993,993,1,ileri
994,994,1,ileri
995,995,1,ileri
996,996,1,orta
997,997,1,ileri
998,998,1,ileri
999,999,1,orta
1000,1000,1,ileri
