Universite Adi,Universite Turu
ihsan dogramaci bilkent,ozel
ihsan dogramaci bilkent,ozel
uluslararasi kibris universitesi,ozel
istanbul sehir universitesi,ozel
turgut ozal universitesi,ozel
istanbul ticaret universitesi,ozel
istanbul medipol universitesi,ozel
fatih sultan mehmet vakif,ozel
bahcesehir universitesi,ozel
istanbul ticaret universitesi,ozel
nuh naci yazgan universitesi,ozel
fatih universitesi,ozel
ihsan dogramaci bilkent,ozel
baskent universitesi,ozel
cag universitesi,ozel
izmir universitesi,ozel
zirve universitesi,ozel
istanbul sehir universitesi,ozel
yasar universitesi,ozel
ihsan dogramaci bilkent,ozel
istanbul arel universitesi,ozel
ted universitesi,ozel
fatih universitesi,ozel
yeni yuzyil universitesi,ozel
izmir ekonomi universitesi,ozel
istanbul bilgi universitesi,ozel
ihsan dogramaci bilkent,ozel
istanbul ticaret universitesi,ozel
ihsan dogramaci bilkent,ozel
istanbul gelisim universitesi,ozel
beykent universitesi,ozel
avrasya universitesi,ozel
okan universitesi,ozel
izmir ekonomi universitesi,ozel
istanbul bilgi universitesi,ozel
koc universitesi,ozel
okan universitesi,ozel
okan universitesi,ozel
halic universitesi,ozel
izmir universitesi,ozel
isik universitesi,ozel
turgut ozal universitesi,ozel
istanbul bilgi universitesi,ozel
atilim universitesi,ozel
izmir ekonomi universitesi,ozel
nisantasi universitesi,ozel
istanbul aydin universitesi,ozel
ufuk universitesi,ozel
bahcesehir universitesi,ozel
baskent universitesi,ozel
sabanci universitesi,ozel
fatih sultan mehmet vakif,ozel
ihsan dogramaci bilkent,ozel
ihsan dogramaci bilkent,ozel
istanbul 29 mayis universitesi,ozel
okan universitesi,ozel
maltepe universitesi,ozel
uluslararasi antalya universitesi,ozel
okan universitesi,ozel
baskent universitesi,ozel
istanbul 29 mayis universitesi,ozel
tobb ekonomi ve teknoloji,ozel
kto karatay universitesi,ozel
tobb ekonomi ve teknoloji,ozel
koc universitesi,ozel
istanbul arel universitesi,ozel
ihsan dogramaci bilkent,ozel
cankaya universitesi,ozel
bahcesehir universitesi,ozel
istanbul arel universitesi,ozel
izmir ekonomi universitesi,ozel
fatih universitesi,ozel
bahcesehir universitesi,ozel
koc universitesi,ozel
istanbul kultur universitesi,ozel
tobb ekonomi ve teknoloji,ozel
beykent universitesi,ozel
yeditepe universitesi,ozel
bahcesehir universitesi,ozel
yeditepe universitesi,ozel
izmir ekonomi universitesi,ozel
girne amerikan universitesi,ozel
istanbul gelisim universitesi,ozel
atilim universitesi,ozel
hasan kalyoncu universitesi,ozel
ihsan dogramaci bilkent,ozel
zirve universitesi,ozel
uskudar universitesi,ozel
izmir ekonomi universitesi,ozel
beykent universitesi,ozel
beykent universitesi,ozel
istanbul kultur universitesi,ozel
cankaya universitesi,ozel
bahcesehir universitesi,ozel
yeni yuzyil universitesi,ozel
yeditepe universitesi,ozel
ihsan dogramaci bilkent,ozel
istanbul aydin universitesi,ozel
nuh naci yazgan universitesi,ozel
baskent universitesi,ozel
meliksah universitesi,ozel
istanbul ticaret universitesi,ozel
izmir ekonomi universitesi,ozel
izmir ekonomi universitesi,ozel
istanbul aydin universitesi,ozel
yeni yuzyil universitesi,ozel
ufuk universitesi,ozel
ihsan dogramaci bilkent,ozel
istanbul bilgi universitesi,ozel
yeditepe universitesi,ozel
okan universitesi,ozel
canik basari universitesi,ozel
sabanci universitesi,ozel
izmir universitesi,ozel
cankaya universitesi,ozel
kadir has universitesi,ozel
beykent universitesi,ozel
tobb ekonomi ve teknoloji,ozel
beykent universitesi,ozel
ihsan dogramaci bilkent,ozel
yeditepe universitesi,ozel
cankaya universitesi,ozel
istanbul esenyurt universitesi,ozel
uluslararasi antalya universitesi,ozel
maltepe universitesi,ozel
istanbul kavram meslek,ozel
yeni yuzyil universitesi,ozel
kadir has universitesi,ozel
ihsan dogramaci bilkent,ozel
tobb ekonomi ve teknoloji,ozel
okan universitesi,ozel
fatih universitesi,ozel
istanbul kemerburgaz universitesi,ozel
koc universitesi,ozel
yakin dogu universitesi,ozel
baskent universitesi,ozel
ihsan dogramaci bilkent,ozel
yasar universitesi,ozel
cankaya universitesi,ozel
tobb ekonomi ve teknoloji,ozel
girne amerikan universitesi,ozel
fatih universitesi,ozel
koc universitesi,ozel
fatih universitesi,ozel
bahcesehir universitesi,ozel
ihsan dogramaci bilkent,ozel
istanbul aydin universitesi,ozel
tobb ekonomi ve teknoloji,ozel
okan universitesi,ozel
yeditepe universitesi,ozel
beykent universitesi,ozel
gediz universitesi,ozel
gedik universitesi,ozel
istanbul gelisim universitesi,ozel
yeditepe universitesi,ozel
istanbul bilim universitesi,ozel
yeditepe universitesi,ozel
halic universitesi,ozel
sabanci universitesi,ozel
cankaya universitesi,ozel
turgut ozal universitesi,ozel
ufuk universitesi,ozel
yasar universitesi,ozel
yasar universitesi,ozel
beykent universitesi,ozel
istanbul bilgi universitesi,ozel
ihsan dogramaci bilkent,ozel
maltepe universitesi,ozel
ihsan dogramaci bilkent,ozel
tobb ekonomi ve teknoloji,ozel
kadir has universitesi,ozel
yeditepe universitesi,ozel
okan universitesi,ozel
sifa universitesi,ozel
yasar universitesi,ozel
tobb ekonomi ve teknoloji,ozel
yeditepe universitesi,ozel
isik universitesi,ozel
ozyegin universitesi,ozel
izmir ekonomi universitesi,ozel
istanbul ticaret universitesi,ozel
ihsan dogramaci bilkent,ozel
izmir ekonomi universitesi,ozel
isik universitesi,ozel
gediz universitesi,ozel
istanbul ticaret universitesi,ozel
yasar universitesi,ozel
ihsan dogramaci bilkent,ozel
toros universitesi,ozel
koc universitesi,ozel
istanbul aydin universitesi,ozel
ihsan dogramaci bilkent,ozel
turgut ozal universitesi,ozel
koc universitesi,ozel
istanbul bilgi universitesi,ozel
fatih sultan mehmet vakif,ozel
ozyegin universitesi,ozel
istanbul sehir universitesi,ozel
zirve universitesi,ozel
koc universitesi,ozel
piri reis universitesi,ozel
istanbul bilgi universitesi,ozel
atilim universitesi,ozel
cankaya universitesi,ozel
istanbul aydin universitesi,ozel
istanbul kultur universitesi,ozel
uluslararasi antalya universitesi,ozel
ihsan dogramaci bilkent,ozel
atilim universitesi,ozel
meliksah universitesi,ozel
istanbul arel universitesi,ozel
yakin dogu universitesi,ozel
dogu akdeniz universitesi,ozel
tobb ekonomi ve teknoloji,ozel
beykent universitesi,ozel
maltepe universitesi,ozel
tobb ekonomi ve teknoloji,ozel
koc universitesi,ozel
isik universitesi,ozel
beykent universitesi,ozel
yeditepe universitesi,ozel
ihsan dogramaci bilkent,ozel
okan universitesi,ozel
zirve universitesi,ozel
uludag universitesi,devlet
dogu akdeniz universitesi,ozel
bahcesehir universitesi,ozel
istanbul bilgi universitesi,ozel
fatih universitesi,ozel
istanbul arel universitesi,ozel
istanbul gelisim universitesi,ozel
nisantasi universitesi,ozel
istanbul sehir universitesi,ozel
bursa orhangazi universitesi,ozel
istanbul aydin universitesi,ozel
halic universitesi,ozel
istanbul aydin universitesi,ozel
giresun universitesi,devlet
kadir has universitesi,ozel
dogus universitesi,ozel
zirve universitesi,ozel
ihsan dogramaci bilkent,ozel
atilim universitesi,ozel
ozyegin universitesi,ozel
beykoz lojistik meslek,ozel
istanbul aydin universitesi,ozel
turk hava kurumu universitesi,ozel
yeditepe universitesi,ozel
okan universitesi,ozel
okan universitesi,ozel
izmir universitesi,ozel
tobb ekonomi ve teknoloji,ozel
istanbul bilgi universitesi,ozel
izmir ekonomi universitesi,ozel
bahcesehir universitesi,ozel
fatih universitesi,ozel
okan universitesi,ozel
uluslararasi kibris universitesi,ozel
ozyegin universitesi,ozel
izmir ekonomi universitesi,ozel
baskent universitesi,ozel
okan universitesi,ozel
tobb ekonomi ve teknoloji,ozel
izmir ekonomi universitesi,ozel
izmir universitesi,ozel
ozyegin universitesi,ozel
yeditepe universitesi,ozel
bursa orhangazi universitesi,ozel
isik universitesi,ozel
yeditepe universitesi,ozel
istanbul medipol universitesi,ozel
toros universitesi,ozel
istanbul bilgi universitesi,ozel
yeditepe universitesi,ozel
ihsan dogramaci bilkent,ozel
kadir has universitesi,ozel
meliksah universitesi,ozel
istanbul aydin universitesi,ozel
istanbul bilgi universitesi,ozel
istanbul 29 mayis universitesi,ozel
dogu akdeniz universitesi,ozel
tobb ekonomi ve teknoloji,ozel
ihsan dogramaci bilkent,ozel
istanbul aydin universitesi,ozel
koc universitesi,ozel
okan universitesi,ozel
ihsan dogramaci bilkent,ozel
ihsan dogramaci bilkent,ozel
yeni yuzyil universitesi,ozel
bahcesehir universitesi,ozel
istanbul kultur universitesi,ozel
tobb ekonomi ve teknoloji,ozel
cankaya universitesi,ozel
tobb ekonomi ve teknoloji,ozel
hacettepe universitesi,ozel
istanbul kultur universitesi,ozel
yeditepe universitesi,ozel
istanbul kemerburgaz universitesi,ozel
ihsan dogramaci bilkent,ozel
ihsan dogramaci bilkent,ozel
istanbul bilgi universitesi,ozel
uluslararasi antalya universitesi,ozel
bahcesehir universitesi,ozel
uluslararasi kibris universitesi,ozel
nisantasi universitesi,ozel
bahcesehir universitesi,ozel
zirve universitesi,ozel
yeditepe universitesi,ozel
yeni yuzyil universitesi,ozel
istanbul sehir universitesi,ozel
bahcesehir universitesi,ozel
maltepe universitesi,ozel
maltepe universitesi,ozel
tobb ekonomi ve teknoloji,ozel
uluslararasi antalya universitesi,ozel
izmir ekonomi universitesi,ozel
tobb ekonomi ve teknoloji,ozel
istanbul bilgi universitesi,ozel
cankaya universitesi,ozel
koc universitesi,ozel
tobb ekonomi ve teknoloji,ozel
ozyegin universitesi,ozel
dogu akdeniz universitesi,ozel
istanbul bilgi universitesi,ozel
uskudar universitesi,ozel
okan universitesi,ozel
baskent universitesi,ozel
nuh naci yazgan universitesi,ozel
atilim universitesi,ozel
ozyegin universitesi,ozel
istanbul sabahattin zaim,ozel
yeditepe universitesi,ozel
bahcesehir universitesi,ozel
istanbul gelisim universitesi,ozel
izmir ekonomi universitesi,ozel
ihsan dogramaci bilkent,ozel
istanbul arel universitesi,ozel
sifa universitesi,ozel
ozyegin universitesi,ozel
sabanci universitesi,ozel
fatih universitesi,ozel
turk hava kurumu universitesi,ozel
yeditepe universitesi,ozel
ozyegin universitesi,ozel
istanbul ticaret universitesi,ozel
hasan kalyoncu universitesi,ozel
yeni yuzyil universitesi,ozel
istanbul bilgi universitesi,ozel
istanbul kemerburgaz universitesi,ozel
bahcesehir universitesi,ozel
gediz universitesi,ozel
istanbul kemerburgaz universitesi,ozel
koc universitesi,ozel
izmir universitesi,ozel
yasar universitesi,ozel
fatih universitesi,ozel
bahcesehir universitesi,ozel
cankaya universitesi,ozel
gediz universitesi,ozel
gedik universitesi,ozel
okan universitesi,ozel
yeditepe universitesi,ozel
bogazici universitesi,ozel
kadir has universitesi,ozel
ihsan dogramaci bilkent,ozel
turgut ozal universitesi,ozel
istanbul 29 mayis universitesi,ozel
uskudar universitesi,ozel
isik universitesi,ozel
mevlana universitesi,ozel
uskudar universitesi,ozel
izmir universitesi,ozel
izmir ekonomi universitesi,ozel
isik universitesi,ozel
ihsan dogramaci bilkent,ozel
turgut ozal universitesi,ozel
isik universitesi,ozel
ozyegin universitesi,ozel
yasar universitesi,ozel
hasan kalyoncu universitesi,ozel
ihsan dogramaci bilkent,ozel
dogus universitesi,ozel
osmaniye korkut ata universitesi,devlet
beykent universitesi,ozel
tobb ekonomi ve teknoloji,ozel
tobb ekonomi ve teknoloji,ozel
meliksah universitesi,ozel
ihsan dogramaci bilkent,ozel
okan universitesi,ozel
hasan kalyoncu universitesi,ozel
istanbul aydin universitesi,ozel
ihsan dogramaci bilkent,ozel
ihsan dogramaci bilkent,ozel
istanbul bilgi universitesi,ozel
bahcesehir universitesi,ozel
ihsan dogramaci bilkent,ozel
zirve universitesi,ozel
tobb ekonomi ve teknoloji,ozel
halic universitesi,ozel
tobb ekonomi ve teknoloji,ozel
lefke avrupa universitesi,ozel
yeditepe universitesi,ozel
istanbul aydin universitesi,ozel
baskent universitesi,ozel
tobb ekonomi ve teknoloji,ozel
tobb ekonomi ve teknoloji,ozel
yeni yuzyil universitesi,ozel
maltepe universitesi,ozel
istanbul aydin universitesi,ozel
tobb ekonomi ve teknoloji,ozel
dogus universitesi,ozel
tobb ekonomi ve teknoloji,ozel
ted universitesi,ozel
ozyegin universitesi,ozel
izmir ekonomi universitesi,ozel
halic universitesi,ozel
okan universitesi,ozel
yeditepe universitesi,ozel
istanbul ticaret universitesi,ozel
uskudar universitesi,ozel
ihsan dogramaci bilkent,ozel
yeditepe universitesi,ozel
dogus universitesi,ozel
yeditepe universitesi,ozel
koc universitesi,ozel
izmir ekonomi universitesi,ozel
baskent universitesi,ozel
bahcesehir universitesi,ozel
dogu akdeniz universitesi,ozel
izmir ekonomi universitesi,ozel
istanbul sabahattin zaim,ozel
koc universitesi,ozel
bahcesehir universitesi,ozel
ihsan dogramaci bilkent,ozel
ihsan dogramaci bilkent,ozel
istanbul bilgi universitesi,ozel
hasan kalyoncu universitesi,ozel
istanbul sehir universitesi,ozel
istanbul kemerburgaz universitesi,ozel
dogus universitesi,ozel
isik universitesi,ozel
izmir universitesi,ozel
gediz universitesi,ozel
bahcesehir universitesi,ozel
ihsan dogramaci bilkent,ozel
kadir has universitesi,ozel
sabanci universitesi,ozel
isik universitesi,ozel
sabanci universitesi,ozel
istanbul bilgi universitesi,ozel
izmir universitesi,ozel
ihsan dogramaci bilkent,ozel
fatih universitesi,ozel
istanbul aydin universitesi,ozel
izmir universitesi,ozel
tobb ekonomi ve teknoloji,ozel
beykent universitesi,ozel
uluslararasi kibris universitesi,ozel
kadir has universitesi,ozel
orta dogu teknik universitesi,ozel
hasan kalyoncu universitesi,ozel
avrasya universitesi,ozel
okan universitesi,ozel
yeni yuzyil universitesi,ozel
beykent universitesi,ozel
istanbul kultur universitesi,ozel
girne amerikan universitesi,ozel
istanbul kemerburgaz universitesi,ozel
maltepe universitesi,ozel
izmir ekonomi universitesi,ozel
okan universitesi,ozel
baskent universitesi,ozel
izmir universitesi,ozel
yeditepe universitesi,ozel
ihsan dogramaci bilkent,ozel
yeni yuzyil universitesi,ozel
istanbul bilgi universitesi,ozel
amasya universitesi,devlet
kadir has universitesi,ozel
izmir ekonomi universitesi,ozel
istanbul ticaret universitesi,ozel
bahcesehir universitesi,ozel
okan universitesi,ozel
beykent universitesi,ozel
yeditepe universitesi,ozel
ihsan dogramaci bilkent,ozel
tobb ekonomi ve teknoloji,ozel
tobb ekonomi ve teknoloji,ozel
gediz universitesi,ozel
sabanci universitesi,ozel
ihsan dogramaci bilkent,ozel
yeni yuzyil universitesi,ozel
beykent universitesi,ozel
istanbul kultur universitesi,ozel
ihsan dogramaci bilkent,ozel
izmir ekonomi universitesi,ozel
bahcesehir universitesi,ozel
zirve universitesi,ozel
okan universitesi,ozel
sabanci universitesi,ozel
istanbul kultur universitesi,ozel
yasar universitesi,ozel
fatih universitesi,ozel
uluslararasi kibris universitesi,ozel
toros universitesi,ozel
tobb ekonomi ve teknoloji,ozel
meliksah universitesi,ozel
bahcesehir universitesi,ozel
cankaya universitesi,ozel
ihsan dogramaci bilkent,ozel
kadir has universitesi,ozel
istanbul aydin universitesi,ozel
uluslararasi antalya universitesi,ozel
istanbul sehir universitesi,ozel
dogus universitesi,ozel
istanbul bilgi universitesi,ozel
maltepe universitesi,ozel
cankaya universitesi,ozel
ozyegin universitesi,ozel
sabanci universitesi,ozel
ihsan dogramaci bilkent,ozel
okan universitesi,ozel
tobb ekonomi ve teknoloji,ozel
uluslararasi antalya universitesi,ozel
istanbul sabahattin zaim,ozel
tobb ekonomi ve teknoloji,ozel
tobb ekonomi ve teknoloji,ozel
izmir ekonomi universitesi,ozel
bahcesehir universitesi,ozel
fatih universitesi,ozel
istanbul bilgi universitesi,ozel
maltepe universitesi,ozel
yasar universitesi,ozel
yeni yuzyil universitesi,ozel
yeditepe universitesi,ozel
tobb ekonomi ve teknoloji,ozel
zirve universitesi,ozel
istanbul ticaret universitesi,ozel
istanbul bilgi universitesi,ozel
avrasya universitesi,ozel
istanbul aydin universitesi,ozel
dogus universitesi,ozel
tobb ekonomi ve teknoloji,ozel
avrasya universitesi,ozel
kocaeli universitesi,devlet
tobb ekonomi ve teknoloji,ozel
istanbul kemerburgaz universitesi,ozel
yeditepe universitesi,ozel
halic universitesi,ozel
istanbul gelisim universitesi,ozel
yeditepe universitesi,ozel
ihsan dogramaci bilkent,ozel
istanbul kemerburgaz universitesi,ozel
izmir ekonomi universitesi,ozel
istanbul aydin universitesi,ozel
yeditepe universitesi,ozel
isik universitesi,ozel
sabanci universitesi,ozel
ozyegin universitesi,ozel
yeditepe universitesi,ozel
ihsan dogramaci bilkent,ozel
istanbul arel universitesi,ozel
okan universitesi,ozel
atilim universitesi,ozel
izmir ekonomi universitesi,ozel
yeditepe universitesi,ozel
firat universitesi,ozel
tobb ekonomi ve teknoloji,ozel
izmir universitesi,ozel
zirve universitesi,ozel
avrasya universitesi,ozel
gediz universitesi,ozel
beykent universitesi,ozel
istanbul bilgi universitesi,ozel
yasar universitesi,ozel
yasar universitesi,ozel
beykent universitesi,ozel
izmir ekonomi universitesi,ozel
beykent universitesi,ozel
acibadem universitesi,ozel
istanbul medipol universitesi,ozel
ihsan dogramaci bilkent,ozel
yeditepe universitesi,ozel
istanbul sehir universitesi,ozel
baskent universitesi,ozel
tobb ekonomi ve teknoloji,ozel
fatih sultan mehmet vakif,ozel
tobb ekonomi ve teknoloji,ozel
gedik universitesi,ozel
dogu akdeniz universitesi,ozel
sabanci universitesi,ozel
turk hava kurumu universitesi,ozel
istanbul medipol universitesi,ozel
turgut ozal universitesi,ozel
istanbul arel universitesi,ozel
istanbul aydin universitesi,ozel
yeditepe universitesi,ozel
zirve universitesi,ozel
yeditepe universitesi,ozel
izmir ekonomi universitesi,ozel
atilim universitesi,ozel
istanbul arel universitesi,ozel
halic universitesi,ozel
koc universitesi,ozel
sifa universitesi,ozel
yeditepe universitesi,ozel
ihsan dogramaci bilkent,ozel
hasan kalyoncu universitesi,ozel
sabanci universitesi,ozel
tobb ekonomi ve teknoloji,ozel
koc universitesi,ozel
ozyegin universitesi,ozel
ozyegin universitesi,ozel
ozyegin universitesi,ozel
yeditepe universitesi,ozel
yasar universitesi,ozel
ihsan dogramaci bilkent,ozel
istanbul kultur universitesi,ozel
gediz universitesi,ozel
bahcesehir universitesi,ozel
istanbul ticaret universitesi,ozel
yeditepe universitesi,ozel
kadir has universitesi,ozel
beykent universitesi,ozel
tobb ekonomi ve teknoloji,ozel
bahcesehir universitesi,ozel
yasar universitesi,ozel
ihsan dogramaci bilkent,ozel
bahcesehir universitesi,ozel
ihsan dogramaci bilkent,ozel
zirve universitesi,ozel
ihsan dogramaci bilkent,ozel
dogus universitesi,ozel
ihsan dogramaci bilkent,ozel
ihsan dogramaci bilkent,ozel
sabanci universitesi,ozel
ozyegin universitesi,ozel
yeditepe universitesi,ozel
ozyegin universitesi,ozel
istanbul ticaret universitesi,ozel
sabanci universitesi,ozel
tobb ekonomi ve teknoloji,ozel
uluslararasi antalya universitesi,ozel
ihsan dogramaci bilkent,ozel
okan universitesi,ozel
suleyman sah universitesi,ozel
bahcesehir universitesi,ozel
koc universitesi,ozel
fatih universitesi,ozel
maltepe universitesi,ozel
izmir ekonomi universitesi,ozel
ted universitesi,ozel
ihsan dogramaci bilkent,ozel
yeditepe universitesi,ozel
acibadem universitesi,ozel
fatih sultan mehmet vakif,ozel
yeditepe universitesi,ozel
gediz universitesi,ozel
ihsan dogramaci bilkent,ozel
uluslararasi antalya universitesi,ozel
koc universitesi,ozel
sabanci universitesi,ozel
ozyegin universitesi,ozel
uskudar universitesi,ozel
istanbul bilim universitesi,ozel
meliksah universitesi,ozel
koc universitesi,ozel
zirve universitesi,ozel
yeditepe universitesi,ozel
zirve universitesi,ozel
istanbul ticaret universitesi,ozel
ozyegin universitesi,ozel
istanbul kemerburgaz universitesi,ozel
beykent universitesi,ozel
tobb ekonomi ve teknoloji,ozel
koc universitesi,ozel
istanbul ticaret universitesi,ozel
nisantasi universitesi,ozel
ihsan dogramaci bilkent,ozel
ozyegin universitesi,ozel
koc universitesi,ozel
nisantasi universitesi,ozel
bahcesehir universitesi,ozel
istanbul ticaret universitesi,ozel
hasan kalyoncu universitesi,ozel
cankaya universitesi,ozel
tobb ekonomi ve teknoloji,ozel
maltepe universitesi,ozel
sabanci universitesi,ozel
isik universitesi,ozel
okan universitesi,ozel
halic universitesi,ozel
koc universitesi,ozel
cankaya universitesi,ozel
tobb ekonomi ve teknoloji,ozel
tobb ekonomi ve teknoloji,ozel
izmir ekonomi universitesi,ozel
istanbul ticaret universitesi,ozel
tobb ekonomi ve teknoloji,ozel
koc universitesi,ozel
koc universitesi,ozel
ihsan dogramaci bilkent,ozel
ihsan dogramaci bilkent,ozel
avrasya universitesi,ozel
ihsan dogramaci bilkent,ozel
ozyegin universitesi,ozel
ihsan dogramaci bilkent,ozel
fatih universitesi,ozel
bahcesehir universitesi,ozel
ihsan dogramaci bilkent,ozel
sabanci universitesi,ozel
koc universitesi,ozel
yeditepe universitesi,ozel
izmir ekonomi universitesi,ozel
gedik universitesi,ozel
hasan kalyoncu universitesi,ozel
fatih universitesi,ozel
isik universitesi,ozel
istanbul ticaret universitesi,ozel
izmir ekonomi universitesi,ozel
ozyegin universitesi,ozel
istanbul aydin universitesi,ozel
mef universitesi,ozel
yeditepe universitesi,ozel
ihsan dogramaci bilkent,ozel
mef universitesi,ozel
uskudar universitesi,ozel
tobb ekonomi ve teknoloji,ozel
ihsan dogramaci bilkent,ozel
istanbul kultur universitesi,ozel
ihsan dogramaci bilkent,ozel
yasar universitesi,ozel
koc universitesi,ozel
istanbul gelisim universitesi,ozel
koc universitesi,ozel
uluslararasi antalya universitesi,ozel
uluslararasi antalya universitesi,ozel
atilim universitesi,ozel
fatih universitesi,ozel
zirve universitesi,ozel
ihsan dogramaci bilkent,ozel
ihsan dogramaci bilkent,ozel
izmir universitesi,ozel
beykent universitesi,ozel
bahcesehir universitesi,ozel
izmir ekonomi universitesi,ozel
istanbul kemerburgaz universitesi,ozel
istanbul sehir universitesi,ozel
ozyegin universitesi,ozel
bahcesehir universitesi,ozel
istanbul kultur universitesi,ozel
sabanci universitesi,ozel
ihsan dogramaci bilkent,ozel
sabanci universitesi,ozel
ihsan dogramaci bilkent,ozel
okan universitesi,ozel
koc universitesi,ozel
sabanci universitesi,ozel
uskudar universitesi,ozel
ihsan dogramaci bilkent,ozel
istanbul kultur universitesi,ozel
baskent universitesi,ozel
gediz universitesi,ozel
istanbul bilgi universitesi,ozel
ihsan dogramaci bilkent,ozel
ozyegin universitesi,ozel
cag universitesi,ozel
ted universitesi,ozel
dogus universitesi,ozel
istanbul bilgi universitesi,ozel
turk hava kurumu universitesi,ozel
bahcesehir universitesi,ozel
uluslararasi antalya universitesi,ozel
tobb ekonomi ve teknoloji,ozel
yasar universitesi,ozel
istanbul aydin universitesi,ozel
bahcesehir universitesi,ozel
nuh naci yazgan universitesi,ozel
ufuk universitesi,ozel
toros universitesi,ozel
okan universitesi,ozel
bahcesehir universitesi,ozel
dogus universitesi,ozel
plato meslek yuksekokulu,ozel
izmir ekonomi universitesi,ozel
yeditepe universitesi,ozel
ihsan dogramaci bilkent,ozel
atilim universitesi,ozel
koc universitesi,ozel
yeditepe universitesi,ozel
turk hava kurumu universitesi,ozel
istanbul ticaret universitesi,ozel
ihsan dogramaci bilkent,ozel
izmir universitesi,ozel
atilim universitesi,ozel
ihsan dogramaci bilkent,ozel
uluslararasi antalya universitesi,ozel
istanbul kultur universitesi,ozel
ozyegin universitesi,ozel
istanbul bilgi universitesi,ozel
sabanci universitesi,ozel
beykent universitesi,ozel
yeditepe universitesi,ozel
tobb ekonomi ve teknoloji,ozel
istanbul ticaret universitesi,ozel
isik universitesi,ozel
koc universitesi,ozel
isik universitesi,ozel
istanbul arel universitesi,ozel
anadolu universitesi,devlet
koc universitesi,ozel
istanbul bilgi universitesi,ozel
ihsan dogramaci bilkent,ozel
koc universitesi,ozel
ihsan dogramaci bilkent,ozel
avrasya universitesi,ozel
sabanci universitesi,ozel
koc universitesi,ozel
istanbul bilgi universitesi,ozel
halic universitesi,ozel
ihsan dogramaci bilkent,ozel
yeditepe universitesi,ozel
dogus universitesi,ozel
ihsan dogramaci bilkent,ozel
yeditepe universitesi,ozel
izmir ekonomi universitesi,ozel
yeditepe universitesi,ozel
tobb ekonomi ve teknoloji,ozel
ted universitesi,ozel
koc universitesi,ozel
yasar universitesi,ozel
izmir ekonomi universitesi,ozel
yeditepe universitesi,ozel
ipek universitesi,ozel
okan universitesi,ozel
zirve universitesi,ozel
izmir ekonomi universitesi,ozel
cankaya universitesi,ozel
koc universitesi,ozel
fatih universitesi,ozel
sabanci universitesi,ozel
istanbul bilgi universitesi,ozel
izmir ekonomi universitesi,ozel
istanbul kultur universitesi,ozel
isik universitesi,ozel
istanbul ticaret universitesi,ozel
ihsan dogramaci bilkent,ozel
uskudar universitesi,ozel
koc universitesi,ozel
acibadem universitesi,ozel
cankaya universitesi,ozel
maltepe universitesi,ozel
istanbul sehir universitesi,ozel
ozyegin universitesi,ozel
fatih universitesi,ozel
istanbul arel universitesi,ozel
acibadem universitesi,ozel
ihsan dogramaci bilkent,ozel
isik universitesi,ozel
okan universitesi,ozel
gediz universitesi,ozel
cankaya universitesi,ozel
ihsan dogramaci bilkent,ozel
istanbul kemerburgaz universitesi,ozel
istanbul sehir universitesi,ozel
izmir ekonomi universitesi,ozel
kadir has universitesi,ozel
yeditepe universitesi,ozel
bahcesehir universitesi,ozel
istanbul kultur universitesi,ozel
ihsan dogramaci bilkent,ozel
uluslararasi antalya universitesi,ozel
tobb ekonomi ve teknoloji,ozel
istanbul sehir universitesi,ozel
uskudar universitesi,ozel
tobb ekonomi ve teknoloji,ozel
tobb ekonomi ve teknoloji,ozel
isik universitesi,ozel
ozyegin universitesi,ozel
istanbul bilgi universitesi,ozel
ihsan dogramaci bilkent,ozel
ihsan dogramaci bilkent,ozel
okan universitesi,ozel
istanbul bilim universitesi,ozel
ihsan dogramaci bilkent,ozel
istanbul bilgi universitesi,ozel
istanbul sehir universitesi,ozel
yeditepe universitesi,ozel
ihsan dogramaci bilkent,ozel
beykent universitesi,ozel
maltepe universitesi,ozel
ihsan dogramaci bilkent,ozel
bahcesehir universitesi,ozel
dogus universitesi,ozel
sabanci universitesi,ozel
uluslararasi antalya universitesi,ozel
kadir has universitesi,ozel
turk hava kurumu universitesi,ozel
bursa orhangazi universitesi,ozel
toros universitesi,ozel
ozyegin universitesi,ozel
yakin dogu universitesi,ozel
izmir ekonomi universitesi,ozel
girne amerikan universitesi,ozel
toros universitesi,ozel
ihsan dogramaci bilkent,ozel
koc universitesi,ozel
meliksah universitesi,ozel
istanbul gelisim universitesi,ozel
uluslararasi antalya universitesi,ozel
gediz universitesi,ozel
okan universitesi,ozel
sabanci universitesi,ozel
istanbul gelisim universitesi,ozel
baskent universitesi,ozel
ozyegin universitesi,ozel
istanbul bilgi universitesi,ozel
okan universitesi,ozel
ozyegin universitesi,ozel
beykent universitesi,ozel
istanbul bilgi universitesi,ozel
yeditepe universitesi,ozel
bahcesehir universitesi,ozel
istanbul gelisim universitesi,ozel
sabanci universitesi,ozel
gediz universitesi,ozel
nuh naci yazgan universitesi,ozel
hasan kalyoncu universitesi,ozel
istanbul ticaret universitesi,ozel
izmir universitesi,ozel
gediz universitesi,ozel
cankaya universitesi,ozel
baskent universitesi,ozel
ozyegin universitesi,ozel
turk hava kurumu universitesi,ozel
istanbul arel universitesi,ozel
abant izzet baysal universitesi,ozel
yeditepe universitesi,ozel
ihsan dogramaci bilkent,ozel
yasar universitesi,ozel
istanbul arel universitesi,ozel
gediz universitesi,ozel
nisantasi universitesi,ozel
okan universitesi,ozel
koc universitesi,ozel
yeditepe universitesi,ozel
ihsan dogramaci bilkent,ozel
istanbul arel universitesi,ozel
ihsan dogramaci bilkent,ozel
ihsan dogramaci bilkent,ozel
ozyegin universitesi,ozel
tobb ekonomi ve teknoloji,ozel
suleyman sah universitesi,ozel
istanbul kultur universitesi,ozel
zirve universitesi,ozel
ihsan dogramaci bilkent,ozel
ozyegin universitesi,ozel
yeditepe universitesi,ozel
yeditepe universitesi,ozel
cankaya universitesi,ozel
istanbul universitesi,devlet
yeditepe universitesi,ozel
isik universitesi,ozel
cankaya universitesi,ozel
cankaya universitesi,ozel
avrasya universitesi,ozel
istanbul kemerburgaz universitesi,ozel
uskudar universitesi,ozel
kto karatay universitesi,ozel
ihsan dogramaci bilkent,ozel
istanbul arel universitesi,ozel
dogus universitesi,ozel
istanbul kemerburgaz universitesi,ozel
halic universitesi,ozel
yasar universitesi,ozel
yeditepe universitesi,ozel
gediz universitesi,ozel
bahcesehir universitesi,ozel
izmir universitesi,ozel
yeditepe universitesi,ozel
istanbul medipol universitesi,ozel
izmir ekonomi universitesi,ozel
bahcesehir universitesi,ozel
ozyegin universitesi,ozel
ipek universitesi,ozel
fatih sultan mehmet vakif,ozel
yeditepe universitesi,ozel
uluslararasi antalya universitesi,ozel
ihsan dogramaci bilkent,ozel
mef universitesi,ozel
ozyegin universitesi,ozel
izmir ekonomi universitesi,ozel
ihsan dogramaci bilkent,ozel
bahcesehir universitesi,ozel
ihsan dogramaci bilkent,ozel
yeditepe universitesi,ozel
cankaya universitesi,ozel
ihsan dogramaci bilkent,ozel
isik universitesi,ozel
ihsan dogramaci bilkent,ozel
